Production (DV Tile + YB Powder),unit, Jan, Feb, Mar, Apr, May, Jun, Jul, Aug, Sep, Oct, Nov, Dec, YTD,Q1, Q2,Q3,Q4
Production (DV Tile) (Sản phẩm ĐV),ton,9609.931,6310.08093333333,17732.9734666667,15795.455366666702,16091.7997666667,16408.015833333302,18454.3238047619,16179.630247619,12136.7603666667,12464.84121625,12324.145550000001,15580.268823333301,169088.2263752976,33652.985400000034,48295.27096666671,46770.714419047596,40369.25558958331
Production (YB Powder) (bột bán cho Yên Bình),ton,0,0,0,0,0,,,,,,,423.66740000000004,423.66740000000004,0,0,0,423.66740000000004
Total Production (DV + YB),ton,9609.931,6310.08093333333,17732.9734666667,15795.455366666702,16091.7997666667,16408.015833333302,18454.3238047619,16179.630247619,12136.7603666667,12464.84121625,12324.145550000001,16003.936223333301,169511.89377529762,33652.985400000034,48295.27096666671,46770.714419047596,40792.922989583305
,,,,,,,,,,,,,,,,,,
